Alaska;WR01;Alagnak National Wild and Scenic River
Alaska;NP33,WR01;Alagnak River + Katmai National Park
Alaska;WR11;Alatna National Wild and Scenic River
Alaska;AA01;Aleutian World War II National Historic Area
Alaska;WR12;Aniachak National Wild and Scenic River
Alaska;MN04,PV01;Aniakchak Nat'l Preserve and Monument
Alaska;MN04;Aniakchak National Monument
Alaska;PV01;Aniakchak National Presertheyve
Alaska;WR12,MN04;Aniakchak River + Aniakchak National Monument
Alaska;WR12,PV01;Aniakchak River + Aniakchak National Preserve
Alaska;PV02;Bering Land Bridge National Preserve
Alaska;MN11;Cape Krusenstern National Monument
Alaska;WR13;Charley National Wild and Scenic River
Alaska;WR14;Chilikadrotna National Wild and Scenic River
Alaska;WR14,PV11;Chilikadrotna River + Lake Clark National Preserve
Alaska;NP16;Denali National Park
Alaska;NP16,PV06;Denali NP + Denali National Preserve
Alaska;PV06;Denali Preserve National Preserve
Alaska;NP19;Gates of the Arctic National Park
Alaska;PV07;Gates of the Arctic National Preserve
Alaska;NP19,PV07;Gates of the Arctic NP + Gates of the Arctic National Preserve
Alaska;NP19,PV14;Gates of the Arctic NP + Noatak National Preserve
Alaska;NP20;Glacier Bay National Park
Alaska;PV08;Glacier Bay National Preserve
Alaska;NP20,PV08;Glacier Bay NP + Glacier Bay National Preserve
Alaska;AA13;Inupiat Heritage Center
Alaska;WR18;John National Wild and Scenic River
Alaska;WR18,NP19;John River + Gates of The Arctic NP
Alaska;NP33;Katmai National Park
Alaska;PV10;Katmai National Preserve
Alaska;NP33,PV10;Katmai NP + Katmai National Preserve
Alaska;NP34;Kenai Fjords National Park
Alaska;HP21;Klondike Gold Rush National Historical Park
Alaska;WR21;Kobuk National Wild and Scenic River
Alaska;WR21,PV07;Kobuk River + Gates of The Arctic National Preserve
Alaska;WR21,NP19;Kobuk River + Gates of The Arctic NP
Alaska;WR21,NP36;Kobuk River + Kobuk Valley NP
Alaska;NP36;Kobuk Valley National Park
Alaska;WR22;Koyukuk National Wild and Scenic River (North Fork)
Alaska;WR22,NP19;Koyukuk River (North Fork) + Gates of The Arctic NP
Alaska;NP37;Lake Clark National Park
Alaska;PV11;Lake Clark National Preserve
Alaska;NP37,PV11;Lake Clark NP + Lake Clark National Preserve
Alaska;WR27,PV11;Mulchanta River + Lake Clark National Preserve
Alaska;WR27,NP37;Mulchanta River + Lake Clark NP
Alaska;WR27;Mulchatna National Wild and Scenic River
Alaska;PV14;Noatak National Preserve
Alaska;WR29;Noatak National Wild and Scenic River
Alaska;WR29,NP19;Noatak River + Gates of The Arctic NP
Alaska;WR29,PV14;Noatak River + Noatak National Preserve
Alaska;WR30;Salmon National Wild and Scenic River
Alaska;WR30,NP36;Salmon River + kobuk Valley NP
Alaska;HP43;Sitka National Historical Park
Alaska;WR33;Tinayguk National Wild and Scenic River
Alaska;WR33,NP19;Tinayguk River + Gates of The Arctic NP
Alaska;WR34;Tlikakila National Wild and Scenic River
Alaska;WR34,NP37;Tlikakila River + Lake Clark NP
Alaska;NP56;Wrangell-St. Elias National Park
Alaska;PV17;Wrangell-St. Elias National Preserve
Alaska;NP56,PV17;Wrangell-St. Elias NP + Wrangell-St. Elias National Preserve
Alaska;PV18;Yukon-Charley Rivers National Preserve
Alaska;WR13,PV18;Yukon-Charley Rivers Preserve + Charley River
Alabama;MP05;Horseshoe Bend National Military Park
Alabama;PV12;Little River Canyon National Preserve
Alabama;PK04;Natchez Trace Parkway
Alabama;MN64;Russell Cave National Monument
Alabama;TR16;Selma to Montgomery National Historic Trail
Alabama;TR12;Trail of Tears National Historic Trail
Alabama;TR12,PV12;Trail of Tears NHT + Little River Canyon PV
Alabama;NS71;Tuskegee Airmen National Historic Site
Alabama;NS72;Tuskegee Institute National Historic Site
Arkansas;NM01;Arkansas Post National Memorial
Arkansas;RV02;Buffalo National River
Arkansas;NS25;Fort Smith National Historic Site
Arkansas;NP30;Hot Springs National Park
Arkansas;NS45;Little Rock Central High School National Historic Site
Arkansas;MP07;Pea Ridge National Military Park
Arkansas;NS57;President William Jefferson Clinton Birthplace Home National Historic Site
Arkansas;TR12;Trail of Tears National Historic Trail
Arkansas;TR12,NM01;Trail of Tears NHT + Arkansas Post NM
Arkansas;TR12,NS25;Trail of Tears NHT + Fort Smith NHS
Arkansas;TR12,MP07;Trail of Tears NHT + Pea Ridge NMP
Arizona;MN10;Canyon de Chelly National Monument
Arizona;MN13;Casa Grande Ruins National Monument
Arizona;MN19;Chiricahua National Monument
Arizona;NM04;Coronado National Memorial
Arizona;NS18;Fort Bowie National Historic Site
Arizona;RC10;Glen Canyon National Recreation Area
Arizona;RC10,MN63;Glen Canyon Rec Area + Rainbow Bridge National Monument
Arizona;NP22;Grand Canyon National Park
Arizona;MN45;Hohokam Pima National Monument
Arizona;NS38;Hubbell Trading Post National Historic Site
Arizona;TR13;Juan Bautista de Anza National Historic Trail
Arizona;TR13,HP45;Juan Bautista de Anza NHT + Tumacacori NHP
Arizona;RC13;Lake Mead National Recreation Area
Arizona;MN52;Montezuma Castle National Monument
Arizona;MN55;Navajo National Monument
Arizona;TR19;Old Spanish National Historic Trail
Arizona;MN58;Organ Pipe Cactus National Monument
Arizona;NP45;Petrified Forest National Park
Arizona;MN60;Pipe Spring National Monument
Arizona;NP49;Saguaro National Park
Arizona;MN68;Sunset Crater Volcano National Monument
Arizona;MN70;Tonto National Monument
Arizona;HP45;Tumacacori National Historical Park
Arizona;MN71;Tuzigoot National Monument
Arizona;MN73;Walnut Canyon National Monument
Arizona;MN76;Wupatki National Monument
California;MN09;Cabrillo National Monument
California;TR14;California National Historic Trail
California;TR14,RC11;California NHT + Golden Gate NRA
California;TR14,NP38;California NHT + Lassen Volcanic NP
California;TR14,TR15;California NHT + Pony Express NHT
California;MN82;Castle Mountains National Monument
California;MN17;Cesar E. Chavez National Monument
California;NP11;Channel Islands National Park
California;NP15;Death Valley National Park
California;MN22;Devils Postpile National Monument
California;NS15;Eugene O'Neill National Historic Site
California;NS22;Fort Point National Historic Site
California;RC11;Golden Gate National Recreation Area
California;RC11,NS22;Golden Gate Rec Area + Fort Point NHS
California;RC11,MN53;Golden Gate Rec Area + Muir Woods NM
California;NS42;John Muir National Historic Site
California;NP32;Joshua Tree National Park
California;TR13;Juan Bautista de Anza National Historic Trail
California;TR13,RC11,NS22;Juan Bautista de Anza National Historic Trail + Golden Gate NRA + Fort Point NHS
California;TR13,RC11,MN53;Juan Bautista de Anza National Historic Trail + Golden Gate NRA + Muir Woods NM
California;TR13,TR14;Juan Bautista de Anza NHT + California NHT
California;TR13,RC11;Juan Bautista de Anza NHT + Golden Gate NRA
California;TR13,NS42;Juan Bautista de Anza NHT + John Muir NHS
California;TR13,TR19;Juan Bautista de Anza NHT + Old Spanish NHT
California;TR13,RC17;Juan Bautista de Anza NHT + Santa Monica Mountains NRA
California;WR19;Kern National Wild and Scenic River
California;WR19,NP50;Kern River + Sequoia NP
California;NP35;Kings Canyon National Park
California;WR20;Kings National Wild and Scenic River
California;WR20,NP35;Kings River + Kings Canyon NP
California;NP38;Lassen Volcanic National Park
California;MN50;Lava Beds National Monument
California;NS48;Manzanar National Historic Site
California;WR25;Merced National Wild and Scenic River
California;WR25,NP58;Merced River + Yosemite NP
California;PV13;Mojave National Preserve
California;MN53;Muir Woods National Monument
California;TR19;Old Spanish National Historic Trail
California;TR19,PV13;Old Spanish NHT + Mojave Natioal Preserve
California;NP46;Pinnacles National Park
California;SS10;Point Reyes National Seashore
California;TR15;Pony Express National Historic Trail
California;TR15,RC11;Pony Express NHT + Golden Gate NRA
California;NM21;Port Chicago Naval Magazine National Memorial
California;NP47;Redwood National Park
California;HP37;Rosie the Riveter/World War II Home Front National Historical Park
California;HP40;San Francisco Maritime National Historical Park
California;RC17;Santa Monica Mountains National Recreation Area
California;NP50;Sequoia National Park
California;NM31;Tule Lake Unit Internment Camp National Monument
California;WR35;Tuolumne National Wild and Scenic River
California;WR35,NP58;Tuolumne River + Yosemite NP
California;RC18;Whiskeytown Unit National Recreation Area
California;NP58;Yosemite National Park
Colorado;NS04;Bent's Old Fort National Historic Site
Colorado;NP06;Black Canyon of the Gunnison National Park
Colorado;TR14;California National Historic Trail
Colorado;MN20;Colorado National Monument
Colorado;RC06;Curecanti National Recreation Area
Colorado;MN24;Dinosaur National Monument
Colorado;MN28;Florissant Fossil Beds National Monument
Colorado;NP25;Great Sand Dunes National Park
Colorado;PV09;Great Sand Dunes National Preserve
Colorado;NP25,PV09;Great Sand Dunes NP and Great Sand Dunes National Preserve
Colorado;MN47;Hovenweep National Monument
Colorado;NP40;Mesa Verde National Park
Colorado;TR19;Old Spanish National Historic Trail
Colorado;TR19,MN20;Old Spanish NHT + Colorado NM
Colorado;TR19,RC06;Old Spanish NHT + Curecanti NRA
Colorado;TR19,PV09;Old Spanish NHT + Great Sand Dunes National Preserve
Colorado;TR19,NP25;Old Spanish NHT + Great Sand Dunes NP and Preserve
Colorado;TR15;Pony Express National Historic Trail
Colorado;NP48;Rocky Mountain National Park
Colorado;NS64;Sand Creek Massacre National Historic Site
Colorado;TR11;Santa Fe National Historic Trail
Colorado;TR11,NS04;Santa Fe NHT + Bent's Old Fort NHS
Colorado;MN77;Yucca House National Monument
Connecticut;TR01;Appalachian National Scenic Trail
Connecticut;WR15;Eightmile National Wild and Scenic River
Connecticut;WR16;Farmington National Wild and Scenic River
Connecticut;TR06;New England National Scenic Trail
Connecticut;TR06,TR23;New England NST + Washington-Rochambeau Revolutionary Route NHT
Connecticut;TR23;Washington-Rochambeau Revolutionary Route National Historic Trail
Connecticut;NS76;Weir Farm National Historic Site
District of Columbia;TR21;Captain John Smith Chesapeake National Historic Trail
District of Columbia;NS08;Carter G. Woodson Home National Historic Site
District of Columbia;HP08;Chesapeake and Ohio Canal National Historical Park
District of Columbia;DZ02,DZ06;Constitution Gardens
District of Columbia;NS17;Ford's Theatre National Historic Site
District of Columbia;NM09,DZ06;Franklin Delano Roosevelt Memorial National Memorial
District of Columbia;NS28;Frederick Douglass National Historic Site
District of Columbia;PK02;George Washington Memorial Parkway
District of Columbia;NM13,DZ06;Korean War Veterans National Memorial
District of Columbia;NM16;Lincoln Memorial National Memorial
District of Columbia;NM17;Lyndon Baines Johnson Memorial Grove on the Potomac National Memorial
District of Columbia;NM18,DZ06;Martin Luther King, Jr. National Memorial
District of Columbia;NS51;Mary McLeod Bethune Council House National Historic Site
District of Columbia;NS51,NS08;Mary McLeod Bethune Council House NHS + Carter G. Woodson Home NHS
District of Columbia;DZ05;National Capital Parks
District of Columbia;DZ06;National Mall
District of Columbia;NS56;Pennsylvania Avenue National Historic Site
District of Columbia;TR03;Potomac Heritage National Scenic Trail
District of Columbia;DZ09;Rock Creek Park
District of Columbia;AA22;Sewall-Belmont House National Historic Site
District of Columbia;TR22;Star-Spangled Banner National Historic Trail
District of Columbia;NM24;Theodore Roosevelt Island National Memorial
District of Columbia;NM25,DZ06;Thomas Jefferson Memorial National Memorial
District of Columbia;NM26,DZ06;Vietnam Veterans Memorial National Memorial
District of Columbia;NM27,DZ06;Washington Monument National Memorial
District of Columbia;TR23;Washington-Rochambeau Revolutionary Route National Historic Trail
District of Columbia;TR23,PK02;Washington-Rochambeau Revolutionary Route NHT + George Washington Memorial Parkway
District of Columbia;DZ10;White House
District of Columbia;NM30;World War I Memorial National Memorial
District of Columbia;NM28,DZ06;World War II Memorial National Memorial
Delaware;TR21;Captain John Smith Chesapeake National Historic Trail
Delaware;HP12;First State National Historical Park
Delaware;TR23;Washington-Rochambeau Revolutionary Route National Historic Trail
Delaware;WR39;White Clay Creek National Wild and Scenic River
Florida;PV03;Big Cypress National Preserve
Florida;NP05;Biscayne National Park
Florida;SS02;Canaveral National Seashore
Florida;MN14;Castillo de San Marcos National Monument
Florida;NM05;De Soto National Memorial
Florida;NP17;Dry Tortugas National Park
Florida;NP18;Everglades National Park
Florida;NM08;Fort Caroline National Memorial
Florida;NM08,PV16;Fort Caroline National Memorial + Timucuan Ecological and Historic Preserve
Florida;MN30;Fort Matanzas National Monument
Florida;SS08;Gulf Islands National Seashore
Florida;PV16;Timucuan Ecological and Historic Preserve National Preserve
Florida;WR37;Wekiva National Wild and Scenic River
Georgia;NS02;Andersonville National Historic Site
Georgia;TR01;Appalachian National Scenic Trail
Georgia;RC04;Chattahoochee River National Recreation Area
Georgia;MP01;Chickamauga and Chattanooga National Military Park
Georgia;SS06;Cumberland Island National Seashore
Georgia;MN29;Fort Frederica National Monument
Georgia;MN33;Fort Pulaski National Monument
Georgia;NS40;Jimmy Carter National Historic Site
Georgia;BP01;Kennesaw Mountain National Battlefield Park
Georgia;NS49;Martin Luther King, Jr. National Historic Site
Georgia;MN56;Ocmulgee National Monument
Georgia;TR12;Trail of Tears National Historic Trail
Georgia;TR12,MP01;Trail of Tears NHT + Chickamauga and Chattanooga NMP
Hawaii;TR18;Ala Kahakai National Historic Trail
Hawaii;TR18,NP29;Ala Kahakai NHT + Hawaii Volcanoes NP
Hawaii;TR18,HP19;Ala Kahakai NHT + Kaloko-Honokohau NHP
Hawaii;TR18,HP36;Ala Kahakai NHT + Pu'uhonua o Honaunau NHP
Hawaii;TR18,NS58;Ala Kahakai NHT + Puukohola Heiau NHS
Hawaii;NP28;Haleakala National Park
Hawaii;NP29;Hawaii Volcanoes National Park
Hawaii;MN79;Honouliuli National Monument
Hawaii;HP18;Kalaupapa National Historical Park
Hawaii;HP19;Kaloko-Honokohau National Historical Park
Hawaii;HP36;Pu'uhonua o Honaunau National Historical Park
Hawaii;NS58;Puukohola Heiau National Historic Site
Hawaii;MN75;World War II Valor in the Pacific National Monument
Iowa;MN25;Effigy Mounds National Monument
Iowa;NS35;Herbert Hoover National Historic Site
Iowa;TR09;Lewis and Clark National Historic Trail
Iowa;TR08;Mormon Pioneer National Historic Trail
Iowa;TR08,TR09;Mormon Pioneer NHT + Lewis and Clark NHT
Idaho;TR14;California National Historic Trail
Idaho;TR14,RS01;California NHT + City of Rocks NR
Idaho;RS01;City of Rocks National Reserve
Idaho;MN21;Craters Of The Moon National Monument
Idaho;MN21,PV05;Craters of the Moon National Monument and Preserve
Idaho;PV05;Craters Of The Moon National Preserve
Idaho;MN43;Hagerman Fossil Beds National Monument
Idaho;TR09;Lewis and Clark National Historic Trail
Idaho;TR09,HP32;Lewis and Clark NHT + Nez Perce NHP
Idaho;NS52;Minidoka National Historic Site
Idaho;HP32;Nez Perce National Historical Park
Idaho;TR07;Oregon National Historic Trail
Idaho;TR07,TR14;Oregon NHT + California NHT
Idaho;TR07,MN43;Oregon NHT + Hagerman Fossil Beds NM
Idaho;NP57;Yellowstone National Park
Illinois;AA04;Chicago Portage National Historic Site
Illinois;TR09;Lewis and Clark National Historic Trail
Illinois;NS44;Lincoln Home National Historic Site
Illinois;TR08;Mormon Pioneer National Historic Trail
Illinois;MN78;Pullman National Monument
Illinois;TR12;Trail of Tears National Historic Trail
Indiana;HP13;George Rogers Clark National Historical Park
Indiana;LK02;Indiana Dunes National Lakeshore
Indiana;NM15;Lincoln Boyhood National Memorial
Kansas;NS06;Brown v. Board of Education National Historic Site
Kansas;TR14;California National Historic Trail
Kansas;TR07,TR14,TR15;California NHT + Oregon NHT + Pony Express NHT
Kansas;TR14,TR15;California NHT + Pony Express NHT
Kansas;NS21;Fort Larned National Historic Site
Kansas;NS24;Fort Scott National Historic Site
Kansas;TR09,TR14,TR15;Lewis and Clark + California NHT+ Pony Express NHT
Kansas;TR09;Lewis and Clark National Historic Trail
Kansas;TR09,TR14;Lewis and Clark NHT+ California NHT
Kansas;NS54;Nicodemus National Historic Site
Kansas;TR07;Oregon National Historic Trail
Kansas;TR07,TR14;Oregon NHT + California NHT
Kansas;TR07,TR11,TR14;Oregon NHT + Santa Fe NHT + California NHT
Kansas;TR15;Pony Express National Historic Trail
Kansas;TR11;Santa Fe National Historic Trail
Kansas;TR11,TR14;Santa Fe NHT + California NHT
Kansas;TR11,NS21;Santa Fe NHT + Fort Larned NHS
Kansas;PV15;Tallgrass Prairie National Preserve
Kentucky;HP01;Abraham Lincoln Birthplace National Historical Park
Kentucky;RV01;Big South Fork National River and Recreation Area
Kentucky;HP10;Cumberland Gap National Historical Park
Kentucky;NP39;Mammoth Cave National Park
Kentucky;TR12;Trail of Tears National Historic Trail
Louisiana;HP05;Cane River Creole NHP and Heritage Area National Historical Park
Louisiana;TR20;El Camino Real de los Tejas National Historic Trail
Louisiana;HP17;Jean Lafitte NHP and Preserve National Historical Park
Louisiana;HP31;New Orleans Jazz National Historical Park
Louisiana;MN62;Poverty Point National Monument
Massachusetts;HP02;Adams National Historical Park
Massachusetts;TR01;Appalachian National Scenic Trail
Massachusetts;HP49;Blackstone River Valley National Historical Park
Massachusetts;HP04;Boston National Historical Park
Massachusetts;NS05;Boston African American National Historic Site
Massachusetts;RC03;Boston Harbor Islands National Recreation Area
Massachusetts;SS03;Cape Cod National Seashore
Massachusetts;NS29;Frederick Law Olmsted National Historic Site
Massachusetts;NS41;John Fitzgerald Kennedy National Historic Site
Massachusetts;NS46;Longfellow House - Washington's Headquarters National Historic Site
Massachusetts;HP24;Lowell National Historical Park
Massachusetts;HP27;Minute Man National Historical Park
Massachusetts;HP30;New Bedford Whaling National Historical Park
Massachusetts;TR06;New England National Scenic Trail
Massachusetts;NS62;Salem Maritime National Historic Site
Massachusetts;NS65;Saugus Iron Works National Historic Site
Massachusetts;NS66;Springfield Armory National Historic Site
Massachusetts;WR31;Sudbury, Assabet and Concord National Wild and Scenic River
Massachusetts;WR32;Taunton National Wild and Scenic River
Massachusetts;TR23;Washington-Rochambeau Revolutionary Route National Historic Trail
Massachusetts;TR23,RC03;Washington-Rochambeau Revolutionary Route NHT + Boston Harbor Islands NRA
Massachusetts;WR38;Westfield National Wild and Scenic River
Maryland;BF01;Antietam National Battlefield
Maryland;TR01;Appalachian National Scenic Trail
Maryland;TR01,TR03,HP08;Appalachian Trail + Potomac Heritage NST + Chesapeake and Ohio Canal
Maryland;SS01;Assateague Island National Seashore
Maryland;TR21;Captain John Smith Chesapeake National Historic Trail
Maryland;TR21,MN31;Captain John Smith Chesapeake NHT + Fort McHenry NM and Shrine
Maryland;TR21,DZ07;Captain John Smith Chesapeake NHT + Piscataway Park
Maryland;TR21,TR22;Captain John Smith Chesapeake NHT + Star-Spangled Banner NHT
Maryland;DZ01;Catoctin Mountain Park
Maryland;HP08;Chesapeake and Ohio Canal National Historical Park
Maryland;NS11;Clara Barton National Historic Site
Maryland;MN31;Fort McHenry National Monument and Historic Shrine
Maryland;DZ03;Fort Washington Park
Maryland;PK02;George Washington Memorial Parkway
Maryland;DZ04;Greenbelt Park
Maryland;NS33;Hampton National Historic Site
Maryland;HP14;Harpers Ferry National Historical Park
Maryland;MN44;Harriet Tubman Underground Railroad National Monument
Maryland;BF06;Monocacy National Battlefield
Maryland;DZ05;National Capital Parks
Maryland;DZ07;Piscataway Park
Maryland;TR03;Potomac Heritage National Scenic Trail
Maryland;TR22;Star-Spangled Banner National Historic Trail
Maryland;NS70;Thomas Stone National Historic Site
Maryland;TR23;Washington-Rochambeau Revolutionary Route National Historic Trail
Maryland;TR23,TR22;Washington-Rochambeau Revolutionary Route NHT + Star-Spangled Banner NHT
Maryland;TR23,TR22,MN31;Washington-Rochambeau Revolutionary Route NHT + Star-Spangled Banner NHT + Fort McHenry NM
Maine;NP01;Acadia National Park
Maine;TR01;Appalachian National Scenic Trail
Maine;MN84;Katahdin Woods and Waters National Monument
Maine;HS01;Saint Croix Island International Historic Site
Michigan;AA07;Father Marquette National Memorial
Michigan;NP31;Isle Royale National Park
Michigan;HP20;Keweenaw National Historical Park
Michigan;TR04;North Country National Scenic Trail
Michigan;TR04,AA07;North Country NST + Father Marquette National Memorial
Michigan;TR04,LK03;North Country NST + Pictured Rocks National Lakeshore
Michigan;LK03;Pictured Rocks National Lakeshore
Michigan;BP04;River Raisin National Battlefield Park
Michigan;LK04;Sleeping Bear Dunes National Lakeshore
Minnesota;MN42;Grand Portage National Monument
Minnesota;RV04;Mississippi National River and Recreation Areas
Minnesota;TR04;North Country National Scenic Trail
Minnesota;MN61;Pipestone National Monument
Minnesota;WR09;Saint Croix National Scenic Riverway
Minnesota;NP54;Voyageurs National Park
Missouri;TR14;California National Historic Trail
Missouri;TR14,TR15;California NHT + Pony Express NHT
Missouri;MN39;George Washington Carver National Monument
Missouri;NS34;Harry S Truman National Historic Site
Missouri;NM12;Jefferson National Expansion Memorial National Memorial
Missouri;TR09;Lewis and Clark National Historic Trail
Missouri;TR09,TR15;Lewis and Clark NHT + Pony Express NHT
Missouri;TR09,TR14;Lewis and Clark NHT+ California NHT
Missouri;TR07;Oregon National Historic Trail
Missouri;TR07,TR14;Oregon NHT + California NHT
Missouri;TR07,TR09;Oregon NHT + Lewis and Clark NHT
Missouri;TR07,TR11,TR14;Oregon NHT + Santa Fe NHT + California NHT
Missouri;RV05;Ozark National Scenic Riverways
Missouri;TR15;Pony Express National Historic Trail
Missouri;TR11;Santa Fe National Historic Trail
Missouri;TR11,TR14;Santa Fe NHT + California NHT
Missouri;TR12;Trail of Tears National Historic Trail
Missouri;NS73;Ulysses S. Grant National Historic Site
Missouri;BF11;Wilson's Creek National Battlefield
Mississippi;BS01;Brices Cross Roads National Battlefield Site
Mississippi;SS08;Gulf Islands National Seashore
Mississippi;HP29;Natchez National Historical Park
Mississippi;TR02;Natchez Trace National Scenic Trail
Mississippi;PK04;Natchez Trace Parkway
Mississippi;MP08;Shiloh National Military Park
Mississippi;BF10;Tupelo National Battlefield
Mississippi;MP09;Vicksburg National Military Park
Montana;BF02;Big Hole National Battlefield
Montana;RC02;Bighorn Canyon National Recreation Area
Montana;WR17;Flathead National Wild and Scenic River
Montana;WR17,NP21;Flathead River + Glacier NP
Montana;NS26;Fort Union Trading Post National Historic Site
Montana;NP21;Glacier National Park
Montana;NS32;Grant-Kohrs Ranch National Historic Site
Montana;TR09;Lewis and Clark National Historic Trail
Montana;TR09,NS26;Lewis and Clark NHT + Fort Union Trading Post NHS
Montana;TR09,HP32;Lewis and Clark NHT + Nez Perce NHP
Montana;TR09,HP32,BF02;Lewis and Clark NHT + Nez Perce NHP + Big Hole BF
Montana;MN51;Little Bighorn Battlefield National Monument
Montana;HP32;Nez Perce National Historical Park
Montana;HP32,BF02;Nez Perce NHP + Big Hole BF
Montana;NP57;Yellowstone National Park
North Carolina;TR01;Appalachian National Scenic Trail
North Carolina;PK01;Blue Ridge Parkway
North Carolina;PK01,NP26;Blue Ridge Parkway + Great Smoky Mountain NP
North Carolina;SS04;Cape Hatteras National Seashore
North Carolina;SS05;Cape Lookout National Seashore
North Carolina;NS07;Carl Sandburg Home National Historic Site
North Carolina;NS23;Fort Raleigh National Historic Site
North Carolina;NP26;Great Smoky Mountains National Park
North Carolina;MP04;Guilford Courthouse National Military Park
North Carolina;BF07;Moores Creek National Battlefield
North Carolina;TR10;Overmountain Victory National Historic Trail
North Carolina;TR10,PK01;Overmountain Victory NHT + Blue Ridge Parkway
North Carolina;TR12;Trail of Tears National Historic Trail
North Carolina;NM29;Wright Brothers National Memorial
North Dakota;NS26;Fort Union Trading Post National Historic Site
North Dakota;AA12;International Peace Garden
North Dakota;NS43;Knife River Indian Villages National Historic Site
North Dakota;TR09;Lewis and Clark National Historic Trail
North Dakota;TR09,NS26;Lewis and Clark NHT + Fort Union Trading Post NHS
North Dakota;TR09,NS43;Lewis and Clark NHT + Knife River Indian Villages NHS
North Dakota;TR04;North Country National Scenic Trail
North Dakota;TR04,TR09;North Country NHT + Lewis and Clark NHT
North Dakota;NP52;Theodore Roosevelt National Park
Nebraska;MN02;Agate Fossil Beds National Monument
Nebraska;TR14;California National Historic Trail
Nebraska;TR14,AA05;California NHT + Chimney Rock NHS
Nebraska;TR07,TR14,TR15;California NHT + Oregon NHT + Pony Express NHT
Nebraska;TR14,MN66;California NHT + Scotts Bluff MN
Nebraska;AA05;Chimney Rock National Historic Site
Nebraska;MN46;Homestead NM of America National Monument
Nebraska;TR09,TR14,TR15;Lewis and Clark + California NHT+ Pony Express NHT
Nebraska;TR09;Lewis and Clark National Historic Trail
Nebraska;TR09,WR05;Lewis and Clark NHT + Missouri National Recreational River
Nebraska;TR09,TR14;Lewis and Clark NHT+ California NHT
Nebraska;WR05;Missouri National Recreational River
Nebraska;TR08;Mormon Pioneer National Historic Trail
Nebraska;TR08,TR14;Mormon Pioneer NHT + California NHT
Nebraska;TR08,TR09;Mormon Pioneer NHT + Lewis and Clark NHT
Nebraska;WR06;Niobrara National Wild and Scenic River
Nebraska;TR07;Oregon National Historic Trail
Nebraska;TR07,TR08,TR14,TR15;Oregon NHT + Mormon Pioneer NHT + California NHT + Pony Express NHT
Nebraska;TR07,TR08,TR14,TR15,AA05;Oregon NHT + Mormon Pioneer NHT + California NHT + Pony Express NHT + Chimney Rock NHS
Nebraska;TR07,TR08,TR14,TR15,MN66;Oregon NHT + Mormon Pioneer NHT + California NHT + Pony Express NHT + Scotts Bluff MN
Nebraska;TR07,TR11,TR14;Oregon NHT + Santa Fe NHT + California NHT
Nebraska;TR15;Pony Express National Historic Trail
Nebraska;TR15,AA05;Pony Express NHT + Chimney Rock NHS
Nebraska;TR15,MN66;Pony Express NHT + Scotts Bluff MN
Nebraska;MN66;Scotts Bluff National Monument
New Hampshire;TR01;Appalachian National Scenic Trail
New Hampshire;WR23;Lamprey National Wild and Scenic River
New Hampshire;NS60;Saint-Gaudens National Historic Site
New Jersey;TR01;Appalachian National Scenic Trail
New Jersey;TR01,WR03;Appalachian National ScenicTrail + Delaware National Scenic River
New Jersey;TR01,RC07;Appalachian National ScenicTrail + Delaware Water Gap
New Jersey;WR03;Delaware National Scenic River
New Jersey;RC07;Delaware Water Gap National Recreation Area
New Jersey;RC08;Gateway National Recreation Area
New Jersey;WR04;Great Egg Harbor National Scenic and Recreational River
New Jersey;WR24;Maurice National Scenic and Recreational River
New Jersey;HP28;Morristown National Historical Park
New Jersey;WR28;Musconetcong National Wild and Scenic River
New Jersey;AA17;New Jersey Coastal Heritage Trail Route
New Jersey;AA17,WR04;New Jersey Coastal Heritage Trail Route + Great Egg Harbor National Scenic River
New Jersey;AA17,WR24;New Jersey Coastal Heritage Trail Route + Maurice National Scenic River
New Jersey;AA17,AA19;New Jersey Coastal Heritage Trail Route + Pinelands National Reserve
New Jersey;AA17,AA19,WR04;New Jersey Coastal Heritage Trail Route + Pinelands National Reserve + Great Egg Harbor National Scenic River
New Jersey;HP34;Paterson Great Falls National Historical Park
New Jersey;AA19;Pinelands National Reserve
New Jersey;AA19,WR04;Pinelands National Reserve + Great Egg Harbor National Scenic River
New Jersey;MN67;Statue of Liberty National Monument
New Jersey;HP44;Thomas Edison National Historical Park
New Jersey;TR23;Washington-Rochambeau Revolutionary Route National Historic Trail
New Jersey;TR23,HP28;Washington-Rochambeau Revolutionary Route NHT + Morristown
New Mexico;MN05;Aztec Ruins National Monument
New Mexico;MN06;Bandelier National Monument
New Mexico;MN12;Capulin Volcano National Monument
New Mexico;NP10;Carlsbad Caverns National Park
New Mexico;HP07;Chaco Culture National Historical Park
New Mexico;TR17;El Camino Real de Tierra Adentro National Historic Trail
New Mexico;MN26;El Malpais National Monument
New Mexico;MN27;El Morro National Monument
New Mexico;MN36;Fort Union National Monument
New Mexico;MN40;Gila Cliff Dwellings National Monument
New Mexico;HP50;Manhattan Project National Historical Park
New Mexico;TR19;Old Spanish National Historic Trail
New Mexico;TR19,MN05;Old Spanish NHT + Aztec Ruins NM
New Mexico;HP35;Pecos National Historical Park
New Mexico;MN59;Petroglyph National Monument
New Mexico;MN65;Salinas Pueblo Missions National Monument
New Mexico;TR11;Santa Fe National Historic Trail
New Mexico;TR11,MN36;Santa Fe NHT + Fort Union NM
New Mexico;TR11,HP35;Santa Fe NHT + Pecos NHP
New Mexico;PV19;Valles Caldera National Preserve
New Mexico;MN74;White Sands National Monument
Nevada;TR14;California National Historic Trail
Nevada;TR14,TR15;California NHT + Pony Express NHT
Nevada;NP15;Death Valley National Park
Nevada;NP24;Great Basin National Park
Nevada;RC13;Lake Mead National Recreation Area
Nevada;TR19;Old Spanish National Historic Trail
Nevada;TR19,RC13;Old Spanish NHT + Lake Mead NRA
Nevada;TR15;Pony Express National Historic Trail
Nevada;MN80;Tule Springs Fossil Beds National Monument
New York;MN01;African Burial Ground National Monument
New York;TR01;Appalachian National Scenic Trail
New York;TR21;Captain John Smith Chesapeake National Historic Trail
New York;MN15;Castle Clinton National Monument
New York;WR03;Delaware National Scenic River
New York;NS14;Eleanor Roosevelt National Historic Site
New York;NM06;Federal Hall National Memorial
New York;SS07;Fire Island National Seashore
New York;MN34;Fort Stanwix National Monument
New York;RC08;Gateway National Recreation Area
New York;NM10;General Grant National Memorial
New York;MN41;Governors Island National Monument
New York;NM11;Hamilton Grange National Memorial
New York;NS36;Home of Franklin D. Roosevelt National Historic Site
New York;AA15;Kate Mullany National Historic Site
New York;AA16;Lower East Side Tenement National Historic Site
New York;NS50;Martin Van Buren National Historic Site
New York;TR04;North Country National Scenic Trail
New York;TR04,MN34;North Country NST + Fort Stanwix NM
New York;NS59;Sagamore Hill National Historic Site
New York;NS61;Saint Paul's Church National Historic Site
New York;HP42;Saratoga National Historical Park
New York;MN67;Statue of Liberty National Monument
New York;MN83;Stonewall National Monument
New York;NS68;Theodore Roosevelt Birthplace National Historic Site
New York;NS69;Theodore Roosevelt Inaugural National Historic Site
New York;AA23;Thomas Cole National Historic Site
New York;WR10;Upper Delaware Scenic and Recreation River
New York;NS74;Vanderbilt Mansion National Historic Site
New York;TR23;Washington-Rochambeau Revolutionary Route National Historic Trail
New York;HP48;Women's Rights National Historical Park
Ohio;MN18;Charles Young Buffalo Soldiers National Monument
Ohio;NP14;Cuyahoga Valley National Park
Ohio;HP11;Dayton Aviation Heritage National Historical Park
Ohio;AA06;Fallen Timbers Battlefield and Fort Miamis National Historic Site
Ohio;NS16;First Ladies National Historic Site
Ohio;HP15;Hopewell Culture National Historical Park
Ohio;NS39;James A. Garfield National Historic Site
Ohio;TR04;North Country National Scenic Trail
Ohio;TR04,HP11;North Country NST + Dayton Aviation Heritage NHP
Ohio;NM20;Perry's Victory and International Peace Memorial National Memorial
Ohio;NS78;William Howard Taft National Historic Site
Oklahoma;RC05;Chickasaw National Recreation Area
Oklahoma;AA18;Oklahoma City National Memorial
Oklahoma;TR11;Santa Fe National Historic Trail
Oklahoma;TR12;Trail of Tears National Historic Trail
Oklahoma;TR12,NS25;Trail of Tears NHT + Fort Smith NHS
Oklahoma;NS75;Washita Battlefield National Historic Site
Oregon;TR14;California National Historic Trail
Oregon;NP13;Crater Lake National Park
Oregon;NS27;Fort Vancouver National Historic Site
Oregon;MN49;John Day Fossil Beds National Monument
Oregon;HP23;Lewis and Clark National Historical Park
Oregon;TR09;Lewis and Clark National Historic Trail
Oregon;TR09,HP23;Lewis and Clark NHT + Lewis and Clark NHP
Oregon;TR09,HP32;Lewis and Clark NHT + Nez Perce NHP
Oregon;HP32;Nez Perce National Historical Park
Oregon;MN57;Oregon Caves National Monument
Oregon;TR07;Oregon National Historic Trail
Oregon;TR07,TR09;Oregon NHT + Lewis and Clark NHT
Pennsylvania;NS01;Allegheny Portage Railroad National Historic Site
Pennsylvania;TR01;Appalachian National Scenic Trail
Pennsylvania;TR01,WR03;Appalachian National ScenicTrail + Delaware National Scenic River
Pennsylvania;TR01,RC07;Appalachian National ScenicTrail + Delaware Water Gap
Pennsylvania;AA03;Benjamin Franklin National Memorial
Pennsylvania;TR21;Captain John Smith Chesapeake National Historic Trail
Pennsylvania;WR03;Delaware National Scenic River
Pennsylvania;RC07;Delaware Water Gap National Recreation Area
Pennsylvania;NS12;Edgar Allan Poe National Historic Site
Pennsylvania;NS13;Eisenhower National Historic Site
Pennsylvania;HP12;First State National Historical Park
Pennsylvania;NM07;Flight 93 National Memorial
Pennsylvania;BF05;Fort Necessity National Battlefield
Pennsylvania;NS30;Friendship Hill National Historic Site
Pennsylvania;MP03;Gettysburg National Military Park
Pennsylvania;AA08;Gloria Dei (Old Swedes') Church National Historic Site
Pennsylvania;NS37;Hopewell Furnace National Historic Site
Pennsylvania;HP16;Independence National Historical Park
Pennsylvania;NM14;Johnstown Flood National Memorial
Pennsylvania;TR04;North Country National Scenic Trail
Pennsylvania;TR03;Potomac Heritage National Scenic Trail
Pennsylvania;NS67;Steamtown National Historic Site
Pennsylvania;NM23;Thaddeus Kosciuszko National Memorial
Pennsylvania;WR10;Upper Delaware Scenic and Recreation River
Pennsylvania;HP46;Valley Forge National Historical Park
Pennsylvania;TR23;Washington-Rochambeau Revolutionary Route National Historic Trail
Pennsylvania;TR23,HP16;Washington-Rochambeau Revolutionary Route NHT + Independence HP
Pennsylvania;WR39;White Clay Creek National Wild and Scenic River
Rhode Island;HP49;Blackstone River Valley National Historical Park
Rhode Island;NM22;Roger Williams National Memorial
Rhode Island;AA24;Touro Synagogue National Historic Site
Rhode Island;TR23;Washington-Rochambeau Revolutionary Route National Historic Trail
South Carolina;TR01,TR10;Appalachian Trail + Overmountain Men Victory Trail
South Carolina;NS09;Charles Pinckney National Historic Site
South Carolina;NP12;Congaree National Park
South Carolina;BF03;Cowpens National Battlefield
South Carolina;MN35;Fort Sumter National Monument
South Carolina;AA10;Historic Camden Revolutionary War Site
South Carolina;MP06;Kings Mountain National Military Park
South Carolina;NS55;Ninety Six National Historic Site
South Carolina;TR10;Overmountain Victory National Historic Trail
South Carolina;TR10,BF03;Overmountain Victory NHT + Cowpens BF
South Carolina;TR10,MP06;Overmountain Victory NHT + Kings Mountain MP
South Dakota;NP03;Badlands National Park
South Dakota;MN48;Jewel Cave National Monument
South Dakota;TR09;Lewis and Clark National Historic Trail
South Dakota;TR09,WR05;Lewis and Clark NHT + Missouri National Recreational River
South Dakota;NS53;Minuteman Missile National Historic Site
South Dakota;WR05;Missouri National Recreational River
South Dakota;NM19;Mount Rushmore National Memorial
South Dakota;NP55;Wind Cave National Park
Tennessee;NS03;Andrew Johnson National Historic Site
Tennessee;TR01;Appalachian National Scenic Trail
Tennessee;TR01,NP26;Appalachian National ScenicTrail + Great Smoky Mountains NP
Tennessee;TR01,TR10;Appalachian Trail + Overmountain Men Victory Trail
Tennessee;RV01;Big South Fork National River and Recreation Area
Tennessee;MP01;Chickamauga and Chattanooga National Military Park
Tennessee;HP10;Cumberland Gap National Historical Park
Tennessee;BF04;Fort Donelson National Battlefield
Tennessee;NP26;Great Smoky Mountains National Park
Tennessee;HP50;Manhattan Project National Historical Park
Tennessee;TR02;Natchez Trace National Scenic Trail
Tennessee;PK04;Natchez Trace Parkway
Tennessee;WR07;Obed National Wild and Scenic River
Tennessee;TR10;Overmountain Victory National Historic Trail
Tennessee;MP08;Shiloh National Military Park
Tennessee;BF09;Stones River National Battlefield
Tennessee;TR12;Trail of Tears National Historic Trail
Tennessee;TR12,MP01;Trail of Tears NHT + Chickamauga and Chattanooga NMP
Tennessee;TR12,BF09;Trail of Tears NHT + Stones River BF
Texas;MN03;Alibates Flint Quarries National Monument
Texas;RC01;Amistad National Recreation Area
Texas;NP04;Big Bend National Park
Texas;PV04;Big Thicket National Preserve
Texas;NM03;Chamizal National Memorial
Texas;TR20;El Camino Real de los Tejas National Historic Trail
Texas;TR20,HP39;El Camino Real de los Tejas NHT + San Antonio Missions NHP
Texas;TR17;El Camino Real de Tierra Adentro National Historic Trail
Texas;TR17,NM03;El Camino Real de Tierra Adentro NHT + Chamizal NM
Texas;NS19;Fort Davis National Historic Site
Texas;NP27;Guadalupe Mountains National Park
Texas;RC14;Lake Meredith National Recreation Area
Texas;HP25;Lyndon B. Johnson National Historical Park
Texas;SS09;Padre Island National Seashore
Texas;HP33;Palo Alto Battlefield National Historical Park
Texas;WR08,NP04;Rio Grande River + Big Bend NP
Texas;WR08;Rio Grande Wild and Scenic River
Texas;HP39;San Antonio Missions National Historical Park
Texas;TR11;Santa Fe National Historic Trail
Texas;MN81;Waco Mammoth National Monument
Utah;NP02;Arches National Park
Utah;NP07;Bryce Canyon National Park
Utah;TR14;California National Historic Trail
Utah;TR14,TR15;California NHT + Pony Express NHT
Utah;NP08;Canyonlands National Park
Utah;NP09;Capitol Reef National Park
Utah;MN16;Cedar Breaks National Monument
Utah;MN24;Dinosaur National Monument
Utah;RC10;Glen Canyon National Recreation Area
Utah;NS31;Golden Spike National Historic Site
Utah;MN47;Hovenweep National Monument
Utah;TR08;Mormon Pioneer National Historic Trail
Utah;TR08,TR14,TR15;Mormon Pioneer NHT  + California NHT + Pony Express NHT
Utah;TR08,TR14;Mormon Pioneer NHT + California NHT
Utah;TR08,TR15;Mormon Pioneer NHT + Pony Express NHT
Utah;MN54;Natural Bridges National Monument
Utah;TR19;Old Spanish National Historic Trail
Utah;TR19,NP02;Old Spanish NHT + Arches NP
Utah;TR15;Pony Express National Historic Trail
Utah;MN63;Rainbow Bridge National Monument
Utah;MN69;Timpanogos Cave National Monument
Utah;WR36;Virgin National Wild and Scenic River
Utah;WR36,NP59;Virgin River + Zion NP
Utah;NP59;Zion National Park
Virginia;TR01;Appalachian National Scenic Trail
Virginia;TR01,NP51;Appalachian National ScenicTrail + Shenandoah NP
Virginia;HP03;Appomattox Court House National Historical Park
Virginia;NM02;Arlington House National Memorial
Virginia;SS01;Assateague Island National Seashore
Virginia;PK01;Blue Ridge Parkway
Virginia;MN07;Booker T. Washington National Monument
Virginia;TR21;Captain John Smith Chesapeake National Historic Trail
Virginia;TR21,HP09;Captain John Smith Chesapeake NHT + Colonial NHP
Virginia;TR21,MN38;Captain John Smith Chesapeake NHT + George Washington Birthplace
Virginia;TR21,BP03;Captain John Smith Chesapeake NHT + Richmond NBP
Virginia;TR21,TR22,PK02;Captain John Smith Chesapeake NHT + Star-Spangled Banner NHT + George Washington Memorial Parkway
Virginia;HP06;Cedar Creek and Belle Grove National Historical Park
Virginia;HP09;Colonial National Historical Park
Virginia;HP10;Cumberland Gap National Historical Park
Virginia;MN32;Fort Monroe National Monument
Virginia;MP02;Fredericksburg and Spotsylvania County Battlefields Memorial National Military Park
Virginia;MN38;George Washington Birthplace National Monument
Virginia;PK02;George Washington Memorial Parkway
Virginia;AA09;Green Springs National Historic Landmark District
Virginia;HP14;Harpers Ferry National Historical Park
Virginia;AA14,HP09;Jamestown + Colonial NHP
Virginia;AA14;Jamestown National Historic Site
Virginia;NS47;Maggie L. Walker National Historic Site
Virginia;BP02;Manassas National Battlefield Park
Virginia;AA26;Natural Bridge
Virginia;TR10;Overmountain Victory National Historic Trail
Virginia;BF08;Petersburg National Battlefield
Virginia;TR03;Potomac Heritage National Scenic Trail
Virginia;TR03,DZ08;Potomac Heritage NST + Prince William Forest Park
Virginia;DZ08;Prince William Forest Park
Virginia;AA20;Red Hill Patrick Henry National Memorial
Virginia;BP03;Richmond National Battlefield Park
Virginia;NP51;Shenandoah National Park
Virginia;TR22;Star-Spangled Banner National Historic Trail
Virginia;TR23;Washington-Rochambeau Revolutionary Route National Historic Trail
Virginia;TR23,TR03;Washington-Rochambeau Revolutionary Route NHT + Potomac Heritage NST
Virginia;DZ11;Wolf Trap National Park for the Performing Arts
Vermont;TR01;Appalachian National Scenic Trail
Vermont;HP26;Marsh-Billings-Rockefeller National Historical Park
Vermont;WR26;Missisquoi and Trout National Wild and Scenic River
Washington;RS02;Ebey's Landing National Historical Reserve
Washington;NS27;Fort Vancouver National Historic Site
Washington;HP22;Klondike Gold Rush - Seattle Unit National Historical Park
Washington;RC12;Lake Chelan National Recreation Area
Washington;RC12,NP43;Lake Chelan NRA + North Cascades NP
Washington;RC15;Lake Roosevelt (formerly Coulee Dam) National Recreation Area
Washington;HP23;Lewis and Clark National Historical Park
Washington;TR09;Lewis and Clark National Historic Trail
Washington;TR09,HP23;Lewis and Clark NHT + Lewis and Clark NHP
Washington;HP50;Manhattan Project National Historical Park
Washington;NS52;Minidoka National Historic Site
Washington;NP41;Mount Rainier National Park
Washington;HP32;Nez Perce National Historical Park
Washington;NP43;North Cascades National Park
Washington;NP44;Olympic National Park
Washington;TR07;Oregon National Historic Trail
Washington;TR07,TR09,NS27;Oregon NHT + Lewis and Clark NHT + Fort Vancouver NHS
Washington;RC16;Ross Lake National Recreation Area
Washington;RC16,NP43;Ross Lake + North Cascades NP
Washington;HP41;San Juan Island National Historical Park
Washington;NS77;Whitman Mission National Historic Site
Washington;AA25;Wing Luke Museum of the Asian Pacific American Experience
Wisconsin;LK01;Apostle Islands National Lakeshore
Wisconsin;TR05;Ice Age National Scenic Trail
Wisconsin;TR05,WR09;Ice Age National Scenic Trail + Saint Croix WR
Wisconsin;AA11;Ice Age National Scientific Reserve
Wisconsin;TR05,AA11;Ice Age NST + Ice Age National Scientific Reserve
Wisconsin;TR05,WR09,AA11;Ice Age NST + Saint Croix National Scenic Riverway + Ice Age National Scientific Reserve
Wisconsin;TR04;North Country National Scenic Trail
Wisconsin;TR04,WR09;North Country NST + Saint Croix National Scenic Riverway
Wisconsin;WR09;Saint Croix National Scenic Riverway
Wisconsin;WR09,AA11;Saint Croix WR + Ice Age National Scientific Reserve
West Virginia;TR01;Appalachian National Scenic Trail
West Virginia;TR01,HP14;Appalachian National ScenicTrail + Harpers Ferry HP
West Virginia;WR02;Bluestone National Scenic River
West Virginia;HP08;Chesapeake and Ohio Canal National Historical Park
West Virginia;RC09;Gauley River National Recreation Area
West Virginia;HP14;Harpers Ferry National Historical Park
West Virginia;RV03;New River Gorge National River
Wyoming;RC02;Bighorn Canyon National Recreation Area
Wyoming;TR14;California National Historic Trail
Wyoming;TR14,NS20;California NHT + Fort Laramie NHS
Wyoming;TR14,TR15;California NHT + Pony Express NHT
Wyoming;MN23;Devils Tower National Monument
Wyoming;NS20;Fort Laramie National Historic Site
Wyoming;MN37;Fossil Butte National Monument
Wyoming;NP23;Grand Teton National Park
Wyoming;PK03,NP23;John D. Rockefeller Parkway + Grand Teton NP
Wyoming;PK03,NP57;John D. Rockefeller Parkway + Yellowstone NP
Wyoming;PK03;John D. Rockefeller, Jr. Memorial Parkway
Wyoming;TR08;Mormon Pioneer National Historic Trail
Wyoming;TR08,TR14,TR15;Mormon Pioneer NHT  + California NHT + Pony Express NHT
Wyoming;TR07;Oregon National Historic Trail
Wyoming;TR07,TR14;Oregon NHT + California NHT
Wyoming;TR07,TR08,TR14,TR15;Oregon NHT + Mormon Pioneer NHT + California NHT + Pony Express NHT
Wyoming;TR07,TR08,TR14,TR15,NS20;Oregon NHT + Mormon Pioneer NHT + California NHT + Pony Express NHT + Fort Laramie NHS
Wyoming;TR07,TR11,TR14;Oregon NHT + Santa Fe NHT + California NHT
Wyoming;TR15;Pony Express National Historic Trail
Wyoming;TR15,NS20;Pony Express NHT + Fort Laramie NHS
Wyoming;NP57;Yellowstone National Park